blue,green,red,hue,sat,value,HLS_H,HLS_L,HLS_S,label
32.95123647186147,0.24995670995671,16.044145021645022,138.90372294372295,252.88750811688308,33.80234848484849,138.88376352813853,17.191772186147187,250.95507575757577,64.8
47.69070616883117,0.4798917748917749,9.43872564935065,128.18609307359307,254.06379058441559,47.69107413419914,128.17832792207793,24.01601190476191,253.17651785714287,64.8
52.61255248091603,0.4662929389312977,7.1294656488549615,124.45548664122136,254.042395038168,52.61255248091603,124.4491221374046,26.526178435114502,253.12809160305343,64.8
54.16634064885496,0.2581965648854962,6.721216603053435,123.81136450381679,253.95462309160305,54.16634064885496,123.80523377862595,27.40873091603053,252.9640028625954,64.8
92.5175514069264,5.392348484848485,0.7849188311688312,119.06253246753245,254.20438311688312,92.5175514069264,119.05360119047621,46.478149350649346,253.44167478354981,64.8
85.95234036796533,4.430511363636363,1.2457656926406926,119.590487012987,254.2576325757576,85.95234036796533,119.58001352813852,43.20256764069264,253.5495725108225,64.8
49.13,0.2127671755725191,8.180830152671756,125.41771469465648,254.12674141221368,49.13,125.40825858778628,24.749756679389314,253.30147423664118,64.8
35.498959923664124,0.2096469465648855,15.585138358778625,135.36858301526718,253.38934160305342,35.652638358778624,135.3509494274809,18.05468034351145,251.89428912213745,64.8
53.43053300865801,0.19540313852813854,2.0402597402597404,121.61634740259741,254.38909090909087,53.43053300865801,121.61228354978356,26.88597132034632,253.81146915584407,65.4
61.41390151515152,0.4270833333333333,0.8933982683982684,120.51858495670996,254.40658820346317,61.41390151515152,120.51633928571428,30.87559523809524,253.83495941558442,65.4
59.424718511450386,0.3891269083969466,0.8076288167938931,120.4397566793893,254.36628339694656,59.424718511450386,120.43736641221372,29.89276717557252,253.75656965648847,65.4
83.82959923664122,3.8017700381679393,0.26885019083969464,119.0035925572519,254.23536259541984,83.82959923664122,119.00159828244274,42.132418893129774,253.48712309160305,65.4
86.11583062770563,3.9386011904761915,0.2899621212121212,118.98828463203465,254.27869859307359,86.11583062770563,118.98556277056277,43.303928571428564,253.5676893939394,65.4
62.06869047619048,0.2704356060606061,0.7491910173160173,120.36019751082253,254.41795454545453,62.06869047619048,120.35266233766234,31.247732683982683,253.8606872294372,65.4
45.53728053435115,0.14550095419847328,4.795825381679389,123.68676049618321,254.19390267175567,45.53728053435115,123.67,22.95024809160305,253.4351383587786,65.4
35.351607824427475,0.3152814885496183,10.878692748091602,132.88608778625957,252.18081583969465,35.77760496183206,132.8669751908397,18.153520992366413,249.69481870229006,65.4
50.53969967532468,0.27419642857142856,14.162970779220776,129.41868506493506,253.4367748917749,50.545495129870126,129.41834956709957,25.56680194805195,251.97727272727272,66.3
47.95631222943723,0.2879274891774892,17.03443722943723,131.0601893939394,253.35017586580085,47.95719696969697,131.06659632034632,24.281233766233765,251.81834145021645,66.3
64.71468988549618,0.35213263358778624,7.788263358778626,124.01035305343511,253.9563454198473,64.71468988549618,124.00635496183206,32.626040076335876,252.945572519084,66.3
83.71604484732825,1.3264122137404581,0.4583110687022901,119.79354484732825,253.78347805343518,83.71604484732825,119.79313454198471,42.06519083969466,252.5860925572519,66.3
72.8190286796537,0.6670941558441559,3.2695968614718613,121.11248106060606,253.02732683982688,72.8190286796537,121.10735930735927,36.70611742424242,251.09669913419918,66.3
58.400857683982686,0.3775568181818182,12.015305735930731,126.87199134199136,253.24289772727272,58.400900974025966,126.86292207792208,29.5045183982684,251.600992965368,66.3
60.98360209923664,0.2730534351145038,9.065219465648855,124.63441316793892,253.8623854961832,60.98360209923664,124.62863072519085,30.770620229007633,252.78607347328244,66.3
53.99832538167938,0.23822519083969465,11.970839694656489,127.25022423664122,253.8686641221374,53.99832538167938,127.24886450381679,27.25429389312977,252.80008587786256,66.3
36.12824404761905,0.16669101731601732,10.307508116883117,128.78290313852813,253.8476731601732,36.12827922077922,128.78840097402596,18.170657467532468,252.77252164502164,66.4
37.432451298701295,0.16738365800865804,9.63821158008658,128.2891829004329,253.86515422077926,37.432464826839826,128.2785119047619,18.84736471861472,252.80287067099567,66.4
46.385138358778626,0.20720419847328245,4.839809160305344,123.30924141221372,253.89806297709927,46.385138358778626,123.28351622137406,23.40399332061069,252.8669895038168,66.4
46.479608778625966,0.21282442748091604,5.402457061068702,123.66751908396948,253.83827290076337,46.479608778625966,123.64691316793892,23.469661259541983,252.7494131679389,66.4
47.13493777056277,0.21098214285714287,6.0855627705627695,124.41113906926407,253.8576623376624,47.13493777056277,124.39832251082252,23.819540043290054,252.78696158008657,66.4
55.39744047619048,0.1983008658008658,1.7428030303030304,120.99197510822508,254.1628977272728,55.39744047619048,120.97849296536795,28.02632305194805,253.35608495671002,66.4
62.51811545801528,0.37086832061068703,0.3206822519083969,119.99850190839695,254.0713597328244,62.51811545801528,120.0037595419847,31.51796755725191,253.1774045801527,66.4
53.41999045801527,0.2311259541984733,2.2467700381679387,121.3952576335878,254.08053435114502,53.41999045801527,121.37614026717556,26.965682251908397,253.20041507633587,66.4
44.54823322510822,0.16759199134199135,9.044667207792207,126.68046807359308,254.05715638528144,44.54887175324674,126.66371212121211,22.465370670995675,253.16468073593074,66.8
48.0515367965368,0.2832169913419913,8.537467532467533,126.35478084415584,253.79033549783543,48.053685064935074,126.3433252164502,24.31879329004329,252.64122023809531,66.8
57.76348759541985,0.4504627862595421,4.947943702290076,122.46730916030536,253.25857347328244,57.76348759541985,122.45038645038169,29.305152671755728,251.5828148854962,66.8
65.66399809160305,0.5600906488549618,1.963554389312977,120.66605916030537,253.24103053435115,65.66399809160305,120.65397423664122,33.12643129770992,251.584141221374,66.8
86.22300324675325,2.487724567099567,0.3960010822510823,119.36479978354978,254.03251893939395,86.22300324675325,119.36211038961041,43.316412337662335,253.10727272727271,66.8
88.80597132034632,2.9545102813852813,0.2837364718614719,119.1600027056277,254.1857467532468,88.80597132034632,119.15676948051949,44.59030303030303,253.41778679653683,66.8
78.98800572519085,1.8354723282442749,0.30190362595419845,119.51123568702292,254.1006917938932,78.98800572519085,119.51103053435116,39.646421755725186,253.2158969465649,66.8
58.58795801526718,0.2680295801526717,2.9554007633587784,121.53670801526718,254.023125,58.58795801526718,121.52231870229008,29.59298187022901,253.0941555343512,66.8
39.863449675324674,0.17611201298701298,9.896631493506494,127.79706168831169,253.94192099567096,39.86352813852814,127.78930465367964,20.043436147186142,252.95915313852814,66.9
37.68459415584415,0.18485930735930736,11.089353354978357,129.4771672077922,253.7817316017316,37.68460227272728,129.46767045454544,18.9905762987013,252.63608225108226,66.9
56.217686068702285,0.4477385496183206,1.0218129770992366,120.41145515267176,253.65668416030533,56.217686068702285,120.40492366412214,28.481917938931304,252.37842080152672,66.9
59.14403625954198,0.6841173664122138,0.5105820610687023,119.98355916030536,253.69192270992372,59.14403625954198,119.97758587786258,29.93149332061069,252.42280534351144,66.9
49.797483766233775,0.2178571428571429,2.8577137445887444,121.77649621212122,253.9445670995671,49.797483766233775,121.7597132034632,25.196891233766237,252.9517667748917,66.9
38.879372294372295,0.2357602813852813,10.116036255411256,129.02164502164499,253.27875270562768,38.91345508658009,129.00216991341992,19.649502164502163,251.69012716450214,66.9
42.83738549618321,0.1998330152671756,7.3426669847328245,125.40829675572522,253.8281679389313,42.83738549618321,125.38693702290077,21.578740458015265,252.73310591603047,66.9
49.41845896946565,0.2080868320610687,3.47180820610687,122.1137929389313,253.9674045801527,49.41845896946565,122.09062022900764,24.99911736641221,252.99675095419846,66.9
43.486807359307356,0.11800595238095238,1.3652353896103897,121.17010822510822,254.36657467532467,43.486807359307356,121.17015151515152,21.907340367965368,253.76963744588744,67.6
48.40498106060606,0.0949404761904762,0.29302759740259743,120.176829004329,254.52329274891773,48.40498106060606,120.17669913419914,24.42424783549784,254.0788717532468,67.6
57.82876908396947,0.2396087786259542,0.1541889312977099,119.96179866412214,254.35964217557256,57.82876908396947,119.95581106870227,29.227981870229012,253.7236545801527,67.6
65.15269561068703,1.1612786259541985,0.22377862595419848,119.68670324427478,254.13547232824428,65.15269561068703,119.73273854961832,32.77138358778626,253.32324427480918,67.6
62.58816558441558,0.5676433982683983,0.1928409090909091,119.88464285714285,254.23618777056282,62.58816558441558,119.91543831168829,31.52762445887446,253.50820616883118,67.6
48.82590638528138,0.11116883116883117,0.5084604978354978,120.314512987013,254.44621482683982,48.82590638528138,120.31355790043293,24.62114989177489,253.9224296536796,67.6
44.166789122137395,0.11085400763358776,0.5647137404580153,120.36821087786258,254.38655534351142,44.166789122137395,120.3678673664122,22.19725190839695,253.80694179389312,67.6
46.212824427480925,0.10693225190839696,0.3375286259541985,120.18721374045799,254.45084923664123,46.212824427480925,120.1871898854962,23.24578721374045,253.92708015267175,67.6
63.99789772727273,0.3301623376623377,1.9576839826839827,121.23117424242425,254.2666693722944,63.99789772727273,121.22646645021645,32.13732954545455,253.5651433982684,67.9
53.87006493506494,0.2064339826839827,2.7417857142857143,121.72393127705628,254.23774891774886,53.87006493506494,121.70920725108223,27.217464826839823,253.5056141774892,67.9
58.61482347328244,0.2608969465648855,1.0819990458015267,120.53206583969464,254.10045801526718,58.61482347328244,120.50763358778627,29.64135496183206,253.21027194656486,67.9
58.21924618320611,0.2562356870229008,1.9634541984732825,120.99340171755723,253.95783396946564,58.21924618320611,120.96846851145037,29.46048187022901,252.93818225190842,67.9
62.20086038961038,0.4509063852813853,2.4106791125541127,121.21158820346321,254.02252164502164,62.20086038961038,121.20256493506494,31.346558441558447,253.097610930736,67.9
87.8627326839827,3.0341964285714287,0.2804978354978355,119.10884199134199,254.1874025974026,87.8627326839827,119.10454004329004,44.11433982683983,253.42657196969697,67.9
97.61531488549619,5.23363072519084,0.3222232824427481,118.50374522900765,254.14223759541986,97.61531488549619,118.48904103053437,49.110558206106866,253.37826812977104,67.9
84.15114503816794,2.0151288167938928,0.28553912213740457,119.43345896946563,254.14904580152668,84.15114503816794,119.43315839694657,42.22116889312977,253.32081106870228,67.9
65.05755411255412,0.3776542207792208,1.713465909090909,121.03888798701298,254.2847104978355,65.05755411255412,121.03477272727272,32.666425865800875,253.60101190476192,67.9
53.19276785714285,0.1893668831168832,3.0771482683982683,121.97080357142859,254.2116423160173,53.19276785714285,121.95646374458876,26.875608766233768,253.456875,67.9
58.288659351145036,0.2437881679389313,1.1319751908396951,120.56842080152671,254.06529103053435,58.288659351145036,120.54292938931296,29.486216603053432,253.141145038168,67.9
58.019379770992366,0.252175572519084,2.1183015267175573,121.08203244274807,253.9636545801527,58.019379770992366,121.05859732824429,29.359308206106878,252.9517366412214,67.9
62.57851731601733,0.4164042207792208,2.4020887445887444,121.22893398268398,254.10566287878788,62.57851731601733,121.2202002164502,31.521815476190486,253.2528409090909,67.9
88.03439664502164,3.0035308441558444,0.2779761904761905,119.12178300865801,254.19601190476192,88.03439664502164,119.11733225108223,44.19896103896104,253.44329004329003,67.9
97.86475190839693,5.27582538167939,0.3168129770992366,118.4966173664122,254.15854484732827,97.86475190839693,118.48188931297709,49.23482347328244,253.40972805343517,67.9
84.55713740458016,2.08543893129771,0.2821421755725191,119.40844942748093,254.16136927480915,84.55713740458016,119.40777671755724,42.42497614503817,253.35045324427483,67.9
60.271425865800865,0.3331926406926407,1.7693885281385282,120.99982413419913,254.2004924242424,60.271425865800865,120.98589556277055,30.34648538961039,253.43916396103896,68.0
56.291875,0.2582224025974026,1.9139448051948047,121.17923160173159,254.09142857142857,56.291875,121.16885281385281,28.424632034632033,253.2087229437229,68.0
68.05522900763359,0.9838311068702288,0.2930725190839695,119.86107347328243,253.9130248091603,68.05522900763359,119.87943702290077,34.18484255725191,252.94186545801531,68.0
72.15568702290076,1.5628673664122137,0.2851765267175573,119.62758587786259,254.01666030534352,72.15568702290076,119.6285066793893,36.219804389312976,253.04992366412213,68.0
68.04682088744589,0.6853814935064935,0.3170211038961039,119.95290854978356,253.9698755411256,68.04682088744589,119.95914772727272,34.18283279220779,253.03669913419915,68.0
57.42768398268397,0.22654761904761905,2.6275676406926407,121.52535714285715,254.1653111471861,57.42768398268397,121.51823322510822,28.976396103896107,253.37427759740262,68.0
57.17632156488551,0.21994274809160305,2.1091316793893133,121.13117366412214,254.12253816793893,57.17632156488551,121.11684160305343,28.908888358778626,253.27646469465648,68.0
61.04646469465649,0.27173187022900763,0.992094465648855,120.41135019083971,254.10456106870228,61.04646469465649,120.39891698473282,30.802566793893128,253.23716603053435,68.0
59.26025703463203,0.2724350649350649,2.578728354978355,121.95096590909093,254.2608170995671,59.26054653679654,121.93458874458875,29.85265422077923,253.5538501082251,68.0
50.78786255411256,0.1591693722943723,5.045836038961039,123.45636363636363,254.2146645021645,50.78786255411256,123.4434063852814,25.647884199134197,253.47137445887446,68.0
65.04245229007634,0.5348664122137404,0.5333396946564886,120.11533396946564,254.06252385496185,65.04245229007634,120.11431774809161,32.73822519083969,253.17049141221366,68.0
83.67347328244273,3.2373711832061067,0.30843988549618323,119.03771469465649,254.0742748091603,83.67347328244273,119.03332061068704,42.000400763358776,253.1687547709924,68.0
91.0769778138528,3.4853869047619046,0.3144886363636364,118.98869588744587,254.103170995671,91.0769778138528,118.9838961038961,45.77136363636364,253.29761363636365,68.0
87.86135010822511,2.236112012987013,0.2989150432900433,119.40265963203464,254.14182359307358,87.86135010822511,119.40079816017315,44.122502705627696,253.34181006493503,68.0
74.86510973282442,0.7740267175572519,0.2815935114503817,119.9330677480916,254.11483301526718,74.86510973282442,119.93354484732825,37.56817270992367,253.2104007633588,68.0
69.00519561068703,0.493425572519084,0.2949045801526717,119.9697709923664,254.08029580152672,69.00519561068703,119.97283396946564,34.63627385496183,253.24921755725188,68.0
59.483330627705634,0.228262987012987,3.8867180735930735,122.1837987012987,254.24392857142857,59.483330627705634,122.15881764069263,29.98239448051948,253.5137472943724,68.4
68.02671266233766,0.3986661255411255,1.6189420995670996,120.88429383116885,254.22481601731602,68.02671266233766,120.88130411255413,34.147472943722946,253.46776785714286,68.4
84.97537213740458,2.7655629770992367,0.3095515267175573,119.18824427480915,254.0800667938932,84.97537213740458,119.18728530534351,42.645014312977096,253.1930295801527,68.4
95.87453244274808,6.4658110687022905,0.32994751908396946,118.06660782442749,254.09782919847328,95.87453244274808,118.06381202290078,48.217342557251904,253.31624522900762,68.4
83.87593614718615,3.2744372294372286,0.2968641774891775,119.01703463203465,254.1130167748917,83.87593614718615,119.01325757575758,42.09732954545454,253.24896374458874,68.4
59.345841450216454,0.5420048701298701,3.853103354978355,122.05492965367964,253.4675865800866,59.345841450216454,122.04893127705627,29.995489718614717,252.02922077922082,68.4
59.60155534351146,0.4080772900763359,3.3757395038167943,121.57039599236641,253.35718511450386,59.60155534351146,121.54237595419848,30.196402671755727,251.755052480916,68.4
63.313082061068705,0.3391269083969466,1.8525047709923663,120.67253816793892,253.8477290076336,63.313082061068705,120.64825858778627,31.925124045801528,252.74088263358777,68.4
76.17479707792208,0.7828219696969697,0.7043425324675324,120.17135551948051,254.29241883116887,76.17479707792208,120.16677759740259,38.26088203463203,253.5974134199134,68.6
65.90510822510822,0.1458874458874459,0.3022213203463203,120.07383116883116,254.46594696969697,65.90510822510822,120.0672077922078,33.08357142857143,253.97522456709962,68.6
68.87547232824427,0.22712309160305344,0.21461832061068706,120.00121660305344,254.28571087786256,68.87547232824427,120.00199427480915,34.53965171755725,253.64764790076336,68.6
65.68187977099237,0.21741412213740446,0.2913835877862596,120.02677003816794,254.31794370229008,65.68187977099237,120.02421755725193,32.98389312977099,253.6980391221374,68.6
62.03055194805195,0.17399891774891774,0.9252840909090908,120.39114177489178,254.36274080086585,62.03055194805195,120.3691341991342,31.24743235930736,253.74975649350648,68.6
57.45087391774892,0.18129329004329006,3.6160741341991343,121.963216991342,254.22158820346317,57.45087391774892,121.94092532467528,29.031252705627704,253.47352002164504,68.6
64.14888835877862,0.20424618320610688,1.1798091603053436,120.46344465648858,254.24771946564888,64.14888835877862,120.44657442748093,32.268449427480924,253.54621183206103,68.6
75.40985209923664,0.4667270992366413,0.24151240458015266,119.9618177480916,254.2776145038168,75.40985209923664,119.96165553435115,37.82153625954199,253.5485877862596,68.6
80.86930194805194,2.5330546536796543,0.2432115800865801,119.29034632034632,254.2794507575757,80.86930194805194,119.28612824675324,40.64602002164502,253.60682359307359,69.7
89.7790909090909,5.039889069264071,0.25835227272727274,118.63850649350651,254.3053923160173,89.7790909090909,118.63919372294373,45.14148268398269,253.60590097402599,69.7
83.99635973282444,3.8475524809160304,0.26264790076335875,118.91140267175571,254.21661259541983,83.99635973282444,118.90776717557252,42.16742366412214,253.4484780534351,69.7
80.19583969465648,2.5998377862595423,0.2577290076335878,119.21476622137405,254.21407919847329,80.19583969465648,119.20804389312977,40.22557251908397,253.4136927480916,69.7
85.09444534632034,2.8942667748917748,0.2626542207792208,119.13879058441559,254.22574945887445,85.09444534632034,119.13521915584415,42.70517857142857,253.4700649350649,69.7
91.10409361471862,4.1366423160173165,0.2881845238095238,118.79642045454544,254.19842803030303,91.10409361471862,118.78997564935064,45.78240800865801,253.43742694805198,69.7
91.54052958015266,4.7682919847328264,0.3111307251908397,118.62739980916031,254.13721374045798,91.54052958015266,118.62345896946563,46.00331106870229,253.31779103053435,69.7
83.01376908396945,2.7652576335877863,0.2818368320610687,119.21233778625955,254.14968511450385,83.01376908396945,119.21015267175571,41.68205152671757,253.3398998091603,69.7
57.2645725108225,0.12105790043290045,0.773633658008658,120.42014069264069,254.4930059523809,57.2645725108225,120.41419372294372,28.912905844155844,254.00724567099567,70.2
74.52534361471861,1.019155844155844,0.21646645021645025,119.77738365800863,254.3156060606061,74.52534361471861,119.77652326839826,37.41517045454545,253.64414772727272,70.2
79.06749522900762,1.4445229007633589,0.2941269083969465,119.68770515267175,254.10417461832057,79.06749522900762,119.68719942748092,39.68081106870229,253.17828721374042,70.2
67.95246183206108,0.3418606870229008,0.22510496183206108,119.9954961832061,254.22474236641224,67.95246183206108,119.99617366412214,34.11902194656489,253.49297232824424,70.2
61.7194264069264,0.14508387445887447,0.571366341991342,120.27014880952379,254.4487283549784,61.7194264069264,120.26445616883116,31.065773809523808,253.93320346320343,70.2
69.053795995671,0.1821185064935065,0.16349567099567094,120.00061958874458,254.46547619047612,69.053795995671,119.99992965367966,34.6186038961039,253.96120941558442,70.2
79.06788167938932,0.8533921755725191,0.26479961832061066,119.89526717557251,254.19610687022904,79.06788167938932,119.8950095419847,39.667981870229006,253.3665028625954,70.2
76.31113072519084,0.7228435114503817,0.2353101145038168,119.90339694656488,254.26367366412214,76.31113072519084,119.90338263358778,38.28269083969466,253.52725190839686,70.2
61.88717261904761,0.12526515151515152,0.12539502164502164,120.00613095238096,254.55997023809525,61.88717261904761,120.00515692640691,31.175229978354977,254.13166666666663,70.2
74.47075216450216,0.5547943722943723,0.20439664502164506,119.92212662337664,254.34333062770563,74.47075216450216,119.92173701298701,37.35421536796537,253.69247564935063,70.2
75.49635973282444,0.7464122137404581,0.2719274809160305,119.93160305343511,254.13248091603054,75.49635973282444,119.93177958015268,37.881789122137405,253.23607824427484,70.2
70.22981393129771,0.5085448473282442,0.2594895038167939,119.98372137404579,254.0850143129771,70.22981393129771,119.98574427480915,35.24589217557252,253.22321564885502,70.2
73.38368506493507,0.9151109307359307,0.2895400432900433,119.87321428571428,254.10074404761903,73.38368506493507,119.87343344155843,36.83776785714286,253.2035037878788,70.2
78.51250811688311,1.4357386363636364,0.2705275974025974,119.70006493506493,254.1732683982684,78.51250811688311,119.69949404761904,39.39522456709957,253.30433982683982,70.2
81.86869274809159,1.989708969465649,0.2873854961832061,119.43638835877864,254.1402576335878,81.86869274809159,119.43538645038169,41.0825858778626,253.28540553435118,70.2
76.81236641221373,1.0098330152671755,0.26325858778625955,119.83561545801528,254.1836641221374,76.81236641221373,119.83555820610687,38.542795801526715,253.3366937022901,70.2
55.5715367965368,0.2552840909090909,0.6902272727272727,120.33843073593071,254.3694805194805,55.5715367965368,120.33603896103895,28.06857954545455,253.7692640692641,71.2
61.81166396103896,0.9934740259740259,0.20294101731601727,119.72637445887446,254.2978923160173,61.81166396103896,119.7281872294372,31.166185064935064,253.61797348484848,71.2
59.45947041984733,0.6856059160305343,0.21440839694656488,119.81665076335878,254.22640267175566,59.45947041984733,119.82041984732824,30.024289122137407,253.47271946564885,71.2
54.63729961832061,0.3692366412213741,0.5745324427480916,120.19039122137406,254.16684160305343,54.63729961832061,120.18730438931296,27.601970419847326,253.36486164122138,71.2
43.24113365800865,0.15140422077922078,3.5782251082251078,122.71736201298701,254.1670643939394,43.24113365800865,122.70336309523807,21.76862283549784,253.38398809523807,71.2
48.74407196969697,0.14897186147186148,1.415324675324675,120.8776028138528,254.30920995671002,48.74407196969697,120.86878246753248,24.59097402597403,253.65040043290043,71.2
58.33027194656489,0.2733253816793893,0.2938835877862596,120.06153625954201,254.3100954198473,58.33027194656489,120.05876908396948,29.458578244274808,253.64178912213745,71.2
53.536426526717555,0.20869274809160304,2.232337786259542,121.34909351145036,254.21969465648854,53.536426526717555,121.33187977099236,27.024050572519087,253.47614503816794,71.2
49.1923079004329,0.15153950216450215,4.901087662337663,123.5959577922078,254.22544913419915,49.1923079004329,123.5840367965368,24.82576569264069,253.49357954545448,71.9
61.16778409090909,0.5442613636363637,0.7214664502164502,120.2626488095238,254.15577922077918,61.16778409090909,120.26319264069264,30.8084117965368,253.360992965368,71.9
63.64156488549618,0.7394990458015267,0.2860973282442748,119.88750954198471,253.9529961832061,63.64156488549618,119.90300572519085,32.06421278625954,252.96429866412208,71.9
57.02883110687022,0.4613645038167939,1.166932251908397,120.58790076335876,253.9699045801527,57.02883110687022,120.58404580152671,28.78272900763359,252.99044370229007,71.9
46.040995670995684,0.1854274891774892,4.983609307359306,124.16407196969698,253.91241883116882,46.04101461038962,124.15327651515152,23.25883658008658,252.8900432900433,71.9
52.822240259740255,0.1687202380952381,2.538154761904762,121.65239989177488,254.2613257575757,52.822240259740255,121.64212662337664,26.67962121212121,253.55814935064944,71.9
66.61594942748091,0.5495181297709923,0.3270801526717557,120.00726622137405,254.13916984732828,66.61594942748091,120.0097185114504,33.48727099236641,253.32803912213745,71.9
62.725777671755715,0.2801145038167939,0.5087452290076336,120.17765744274807,254.22419847328248,62.725777671755715,120.1762595419847,31.58326335877863,253.5008540076336,71.9
70.80110119047619,0.37806277056277054,0.14582792207792208,119.93738906926407,254.51705086580085,70.80110119047619,119.93699134199134,35.555708874458865,254.05080086580085,71.9
84.79000811688313,2.3846617965367964,0.205857683982684,119.38616071428572,254.4170995670996,84.79000811688313,119.37972132034632,42.589959415584424,253.8573403679654,71.9
86.82236641221373,2.7627385496183208,0.2486498091603053,119.25533396946564,254.28809637404584,86.82236641221373,119.25234255725194,43.58585400763359,253.60151717557247,71.9
83.89209923664122,2.044518129770992,0.2518845419847328,119.44276240458015,254.24887404580159,83.89209923664122,119.44240935114505,42.08100667938931,253.52094465648847,71.9
85.23283008658008,2.1489204545454546,0.2512851731601732,119.40706709956707,254.25618235930736,85.23283008658008,119.40569264069264,42.763782467532465,253.55103896103898,71.9
93.99326569264069,4.156030844155844,0.2820535714285714,118.91994047619049,254.2581141774892,93.99326569264069,118.91345508658009,47.24523809523809,253.52252164502164,71.9
97.90708969465649,5.266312022900762,0.32079198473282444,118.62393606870228,254.1777528625954,97.90708969465649,118.61569179389313,49.23884541984733,253.3792175572519,71.9
83.38253339694657,1.884904580152672,0.2498950381679389,119.51958969465649,254.27411259541984,83.38253339694657,119.51577290076335,41.871975190839684,253.57556774809157,71.9
170.1259632034632,22.11356060606061,0.4611931818181818,116.25877705627704,254.32919372294373,170.1259632034632,116.27125811688313,85.32158008658007,253.640716991342,76.4
144.70240530303033,12.255229978354981,0.3826812770562771,117.53820346320343,254.2844724025974,144.70240530303033,117.56975649350649,72.54211038961039,253.6938609307359,76.4
136.37263835877866,11.156875,0.3633253816793893,117.65324904580153,254.2896898854962,136.37263835877866,117.66445133587786,68.37465648854962,253.62868320610687,76.4
144.63945610687026,14.501593511450384,0.386932251908397,117.08239980916031,254.27395992366408,144.63945610687026,117.08651717557251,72.51463263358778,253.6595515267176,76.4
159.8927840909091,17.831198593073594,0.4036147186147186,116.778079004329,254.30022727272728,159.8927840909091,116.77345238095238,80.14953733766234,253.7777353896104,76.4
161.08698863636363,18.62635551948052,0.4271158008658009,116.62757575757576,254.27409361471862,161.08698863636363,116.62418290043293,80.75709415584416,253.70864989177483,76.4
150.92566793893133,16.385262404580153,0.4458349236641221,116.86289599236643,254.19429389312978,150.92566793893133,116.85667938931296,75.6861927480916,253.5829055343512,76.4
154.47868320610687,17.024413167938928,0.4595038167938931,116.80456583969463,254.19550572519088,154.47868320610687,116.80702767175572,77.47178435114503,253.55487595419845,76.4
174.80943452380956,35.48502976190476,0.5202245670995671,114.08973484848484,254.28736201298702,174.80943452380956,114.09055194805195,87.71449675324675,253.47433441558442,76.9
181.34928841991345,39.002467532467534,0.5138257575757575,113.67652326839828,254.33869047619046,181.34928841991345,113.67727813852814,90.9979247835498,253.53618506493515,76.9
185.12065362595416,42.00629770992367,0.5254341603053435,113.22583015267176,254.3594179389313,185.12065362595416,113.22576335877865,92.87249045801526,253.52311545801533,76.9
190.62700858778626,47.07670324427482,0.5426192748091603,112.68866889312977,254.34940362595418,190.62700858778626,112.66841603053436,95.69436068702292,253.52526240458016,76.9
189.84896645021644,44.58387987012987,0.5313771645021645,113.04395562770563,254.3615936147186,189.84896645021644,113.03559794372295,95.30307359307359,253.5466341991342,76.9
176.6722564935065,36.00372294372294,0.4984821428571429,113.95879058441557,254.36625541125545,176.6722564935065,113.96794913419912,88.5942775974026,253.54994859307357,76.9
167.80853530534353,32.44988072519084,0.5289503816793893,114.22769561068701,254.1875047709924,167.80853530534353,114.22899809160307,84.16790076335876,253.4259255725191,76.9
169.2984351145038,32.754580152671764,0.5405582061068702,114.26232824427478,254.18689885496184,169.2984351145038,114.2618654580153,84.92292461832061,253.40293416030534,76.9
124.86400432900429,23.166030844155845,0.4594751082251082,114.56290043290043,254.0833441558441,124.86400432900429,114.55388528138529,62.81043560606061,253.18244588744588,77.2
115.87050865800863,21.52244859307359,0.4134632034632035,114.57861201298701,254.1325757575757,115.87050865800863,114.57264339826841,58.355273268398285,253.24093073593082,77.2
132.26108778625957,31.239246183206106,0.4701669847328244,113.03756679389313,254.08593034351142,132.26108778625957,113.02268606870228,66.45018129770992,253.22950381679385,77.2
150.3397996183206,42.569914122137405,0.5205963740458015,111.57842557251908,254.06282919847328,150.3397996183206,111.57848759541984,75.43352576335876,253.310143129771,77.2
152.30055194805198,41.03780844155844,0.4954410173160173,112.01405573593071,254.1103463203463,152.30055194805198,112.0114853896104,76.39827651515152,253.4168235930736,77.2
136.22948051948052,26.544247835497842,0.4461390692640693,114.42739448051948,254.14468885281383,136.22948051948052,114.42444534632034,68.40582521645021,253.38287337662342,77.2
130.34921278625953,22.58922709923664,0.4749856870229008,114.99075858778627,254.06948473282444,130.34921278625953,114.98529580152672,65.49673664122137,253.17746183206106,77.2
135.7682251908397,26.03312022900764,0.5043368320610687,114.37737595419847,254.02709446564884,135.7682251908397,114.37375477099235,68.16729007633587,253.12616889312977,77.2
123.90297077922077,13.746298701298704,0.4037040043290043,116.86393668831171,254.185441017316,123.90297077922077,116.8441423160173,62.29419913419913,253.37547348484853,77.4
122.62377976190477,14.904575216450214,0.389120670995671,116.54831168831168,254.2036661255412,122.62377976190477,116.53413149350651,61.64988095238096,253.411158008658,77.4
144.58434637404582,25.308964694656485,0.4565935114503817,114.85098759541985,254.1512929389313,144.58434637404582,114.84652194656488,72.52314408396947,253.44317270992372,77.4
145.54963740458015,25.516717557251912,0.4468368320610687,114.82745229007635,254.17207061068703,145.54963740458015,114.82625,72.999036259542,253.48735209923663,77.4
132.30043290043292,17.521718073593075,0.4061363636363636,116.1521645021645,254.2017884199134,132.30043290043292,116.1366287878788,66.41149080086579,253.4423079004329,77.4
115.62275162337663,10.372857142857145,0.3592126623376624,117.52444534632036,254.22424783549786,115.62275162337663,117.50576839826842,58.149805194805204,253.4511661255412,77.4
124.10505248091604,12.83405534351145,0.4088263358778626,117.06739026717555,254.17803912213745,124.10505248091604,117.04682729007635,62.39830152671756,253.3615076335878,77.4
136.27727576335877,17.755071564885498,0.4802003816793893,116.2366316793893,254.07768606870232,136.27727576335877,116.22316316793894,68.41759541984733,253.231731870229,77.4
164.9096753246753,24.688733766233767,0.4895075757575758,115.63325487012987,254.24646103896103,164.9096753246753,115.6380384199134,82.7031682900433,253.52425865800862,77.5
136.53016233766235,15.337775974025972,0.3909415584415584,116.78886904761903,254.25285984848492,136.53016233766235,116.78124458874458,68.52454816017315,253.58446158008653,77.5
130.4691841603053,15.513616412213741,0.3944799618320611,116.55941316793891,254.22348759541984,130.4691841603053,116.53537213740458,65.51925572519085,253.48340171755729,77.5
127.19589694656489,14.848740458015268,0.37525763358778624,116.62262881679388,254.2535114503817,127.19589694656489,116.5953101145038,63.903797709923666,253.5256011450381,77.5
129.7491477272727,14.766542207792208,0.3652164502164502,116.74477272727272,254.28000811688312,129.7491477272727,116.73208062770563,65.15527597402597,253.5880546536796,77.5
142.09263798701298,17.225468073593074,0.4054437229437229,116.48068181818182,254.2352435064935,142.09263798701298,116.47575757575756,71.25919372294372,253.58076298701297,77.5
152.77649332061068,20.667013358778625,0.4882347328244275,116.05582538167938,254.13298664122138,152.77649332061068,116.05895515267176,76.63278148854963,253.44485687022905,77.5
162.111875,23.497065839694656,0.5396469465648855,115.76857347328243,254.1282442748092,162.111875,115.77101622137405,81.32485687022901,253.36520515267173,77.5
120.04251352813853,17.822169913419913,0.4087067099567099,115.68934253246752,254.16973755411254,120.04251352813853,115.6816396103896,60.41284632034632,253.31307629870133,77.6
124.84128246753248,20.136893939393946,0.4074215367965368,115.31170725108223,254.18490530303032,124.84128246753248,115.30196158008656,62.7640854978355,253.3718344155844,77.6
141.6497709923664,29.97113072519084,0.4711402671755725,113.7493177480916,254.11354484732826,141.6497709923664,113.76038167938931,71.06671278625954,253.3415076335877,77.6
145.48236164122142,31.934107824427482,0.4735448473282442,113.49134541984732,254.12512404580158,145.48236164122142,113.50358778625956,72.97778625954199,253.39550095419847,77.6
133.858658008658,23.96925054112554,0.4211958874458874,114.76233225108228,254.17859848484852,133.858658008658,114.75537878787878,67.19043831168831,253.4086877705628,77.6
117.32695616883116,16.227813852813853,0.37545454545454543,116.0782224025974,254.19611201298702,117.32695616883116,116.06858766233766,59.00185064935065,253.40086038961041,77.6
124.63095896946564,19.543048664122136,0.4385734732824427,115.45438931297709,254.1207776717557,124.63095896946564,115.44171278625956,62.671550572519074,253.24787213740456,77.6
131.81449427480916,23.482409351145037,0.487857824427481,114.78682251908396,254.04143129770992,131.81449427480916,114.77705629770992,66.21064408396947,253.13268129770992,77.6
131.45442640692642,19.76979437229437,0.4283468614718615,115.6528787878788,254.16184523809517,131.45442640692642,115.63623106060606,66.01956439393939,253.3663338744589,77.7
123.65851461038963,17.883095238095233,0.4004085497835498,115.83067911255415,254.1874891774892,123.65851461038963,115.81378517316016,62.16463744588744,253.3796185064935,77.7
140.05084923664123,26.436560114503816,0.4565171755725191,114.44982824427478,254.13503339694657,140.05084923664123,114.44949904580153,70.27388358778626,253.3720276717557,77.7
147.34646469465648,30.01300572519084,0.4709398854961832,113.98261927480915,254.1380486641221,147.34646469465648,113.98614026717556,73.91037213740458,253.4432204198473,77.7
141.76344426406928,24.197481060606066,0.4273430735930736,115.01018398268398,254.1960037878788,141.76344426406928,115.00308712121212,71.12066287878787,253.5089745670996,77.7
124.6822132034632,16.03140963203463,0.3825892857142857,116.44852272727272,254.20662067099568,124.6822132034632,116.43609036796535,62.619683441558436,253.45652056277055,77.7
130.53679389312978,18.42130248091603,0.44598759541984734,115.97219465648857,254.12491889312977,130.53679389312978,115.95909351145036,65.57676049618321,253.29340648854958,77.7
139.39713263358777,22.61263358778626,0.4998807251908397,115.28773377862595,254.05842080152672,139.39713263358777,115.27701812977101,69.97982347328244,253.2208062977099,77.7
128.2860064935065,23.252949134199127,0.4409604978354977,114.68214285714286,254.12561147186142,128.2860064935065,114.66776244588743,64.4608198051948,253.2819155844156,78.4
117.31830627705628,21.768668831168828,0.3979545454545455,114.57283008658008,254.1832467532468,117.31830627705628,114.56503246753245,59.07756764069264,253.3482683982684,78.4
122.51240935114504,26.383444656488557,0.4384780534351145,113.67211354961832,254.11699904580155,122.51240935114504,113.65284351145037,61.64718511450382,253.23164122137402,78.4
124.5803816793893,27.469083969465647,0.4333492366412214,113.51368797709922,254.13238549618322,124.5803816793893,113.48836354961833,62.65381202290077,253.27568225190842,78.4
126.90840367965369,25.1671185064935,0.4025838744588745,114.18862012987013,254.19558982683984,126.90840367965369,114.18189393939394,63.76260551948052,253.40061958874455,78.4
128.48333874458874,22.56702922077923,0.4237175324675325,114.88088744588744,254.15937229437242,128.48333874458874,114.86638528138529,64.55112554112553,253.34541396103896,78.4
132.35695133587785,23.627595419847328,0.501875,114.78411736641222,254.0193320610687,132.35695133587785,114.77765267175572,66.48889790076336,253.09394561068703,78.4
134.29556297709922,24.09601145038168,0.5164217557251909,114.74556297709923,253.99565362595416,134.29556297709922,114.73927003816792,67.43672709923663,253.05768129771,78.4
151.5734036796537,31.74360660173161,0.5191504329004331,113.83678571428571,254.07280032467534,151.5734036796537,113.83085227272728,76.04636363636364,253.34318181818185,78.9
151.19125811688312,31.9550946969697,0.4713203463203463,113.75331980519479,254.15646915584406,151.19125811688312,113.75583874458874,75.83177218614719,253.49527056277057,78.9
155.59935591603053,37.17059637404578,0.5047471374045801,112.93420324427478,254.11311545801533,155.59935591603053,112.92377862595421,78.05262881679391,253.4294942748092,78.9
154.53600667938932,35.304942748091605,0.484131679389313,113.27459923664122,254.1482347328244,154.53600667938932,113.26289599236641,77.51001431297709,253.4693702290076,78.9
159.84672889610388,34.98577922077922,0.4655438311688312,113.6282115800866,254.26290043290044,159.84672889610388,113.62594155844157,80.16308982683981,253.54433982683983,78.9
169.05230519480517,41.71899621212121,0.5284063852813853,112.70373106060606,254.2364366883117,169.05230519480517,112.71034902597404,84.79044913419914,253.43071428571432,78.9
169.42730438931298,47.12357824427482,0.6630582061068703,111.74400286259542,254.03058206106869,169.42730438931298,111.7516459923664,85.04569179389313,253.0430152671756,78.9
164.03151240458016,42.7037929389313,0.6965028625954198,112.30735209923664,253.89789599236641,164.03151240458016,112.30606393129773,82.3629103053435,252.91673664122138,78.9
167.49926136363638,37.54970779220779,0.5206601731601732,113.37044913419912,254.2003977272728,167.49926136363638,113.36685335497835,84.01174512987014,253.45289502164505,79.8
155.56228625541132,33.51145833333333,0.4774729437229437,113.65597402597405,254.1527949134199,155.56228625541132,113.64758658008655,78.01960768398268,253.50229978354977,79.8
153.79251908396947,35.80450858778626,0.4875143129770992,113.11259064885496,254.12678435114503,153.79251908396947,113.1049904580153,77.14030057251907,253.47027194656488,79.8
162.09373568702293,41.06460877862595,0.5083253816793893,112.44606393129772,254.13803435114502,162.09373568702293,112.42684160305343,81.30086832061069,253.4679961832061,79.8
169.10964015151515,40.85462391774893,0.505836038961039,112.8321130952381,254.26692370129868,169.10964015151515,112.82796807359308,84.80811417748917,253.4983847402597,79.8
168.9350811688312,35.789540043290046,0.5126271645021645,113.72122023809523,254.2473593073593,168.9350811688312,113.7303382034632,84.72434794372295,253.4783116883117,79.8
168.1725858778626,35.88753816793893,0.565324427480916,113.65638358778628,254.14258110687024,168.1725858778626,113.66617366412214,84.36973282442749,253.3207204198473,79.8
169.3917604961832,38.10278625954199,0.5627958015267176,113.32489026717558,254.17324904580155,169.3917604961832,113.33356870229008,84.97804389312977,253.3318272900764,79.8
174.15375541125542,41.414153138528135,0.5686525974025974,112.93890151515151,254.2197104978355,174.15375541125542,112.93186417748915,87.36334686147188,253.35000811688312,80.7
154.41386363636363,33.740652056277064,0.4763825757575758,113.5413961038961,254.14854166666663,154.41386363636363,113.53368506493507,77.44931006493506,253.5034577922078,80.7
153.96770515267175,37.38822996183206,0.4924713740458016,112.80794847328244,254.12438454198474,153.96770515267175,112.79357824427478,77.23053435114505,253.44200858778626,80.7
157.5857251908397,39.52044370229007,0.4990648854961832,112.54347805343511,254.1332681297709,157.5857251908397,112.52422709923664,79.04364503816794,253.45631202290082,80.7
159.70603084415583,35.434104437229436,0.4679924242424242,113.43301948051949,254.22695346320347,159.70603084415583,113.42983225108223,80.08727272727273,253.55156655844155,80.7
164.22877164502162,32.27369588744589,0.4906304112554112,114.20102543290042,254.21392316017315,164.22877164502162,114.20027867965368,82.36012716450216,253.5286498917749,80.7
168.52926049618318,36.28839217557253,0.5886354961832061,113.63238072519087,254.12516698473286,168.52926049618318,113.63499522900764,84.55847805343511,253.2571040076336,80.7
177.01791030534352,41.07611641221374,0.6461354961832061,113.12418893129772,254.15265267175567,177.01791030534352,113.12050572519085,88.83585877862595,253.14279580152672,80.7
164.51430465367966,40.42452922077922,0.5550919913419914,112.71406385281384,254.1072213203464,164.51430465367966,112.70160173160171,82.53519751082251,253.3403923160173,81.5
154.56057900432899,32.8523538961039,0.4645156926406927,113.73533549783552,254.1704816017316,154.56057900432899,113.7261904761905,77.5121672077922,253.54455627705627,81.5
160.7010830152672,38.10170801526718,0.5099713740458015,112.9789933206107,254.14088740458016,160.7010830152672,112.96616889312979,80.60539599236641,253.45528625954202,81.5
164.4621851145038,40.738998091603044,0.5207824427480916,112.64134541984731,254.15728530534352,164.4621851145038,112.62863549618321,82.48985209923664,253.44082538167942,81.5
162.7743208874459,36.07616883116883,0.4730627705627706,113.45084956709957,254.24267586580086,162.7743208874459,113.44984577922077,81.62257305194805,253.56132575757576,81.5
158.46597943722944,32.206607142857145,0.480181277056277,114.03641774891771,254.18147727272728,158.46597943722944,114.03141233766232,79.47290854978354,253.51074404761903,81.5
160.51998091603053,36.39926526717557,0.580844465648855,113.30452290076336,254.0223425572519,160.51998091603053,113.29282919847329,80.5512213740458,253.2417461832061,81.5
165.24408874045798,41.192638358778616,0.6289169847328244,112.59631679389312,253.99668416030534,165.24408874045798,112.58464217557251,82.93709923664122,253.1221183206107,81.5
183.4924729437229,38.95709145021645,0.5299269480519481,113.73535984848483,254.32227813852813,183.4924729437229,113.74179924242424,92.09037337662338,253.51652326839826,81.6
194.0757115800866,47.052675865800865,0.5294696969696969,112.8360091991342,254.3649485930736,194.0757115800866,112.82404491341991,97.46954004329004,253.6209036796537,81.6
192.2201860687023,46.539866412213755,0.5297853053435114,112.82219942748092,254.3653721374046,192.2201860687023,112.80306297709923,96.50295801526718,253.5713215648855,81.6
178.97980438931305,38.18314408396947,0.4888931297709924,113.67604484732824,254.39750477099238,178.97980438931305,113.69091603053437,89.73608778625956,253.58793893129769,81.6
178.3227245670996,35.758203463203465,0.4745941558441558,114.05631764069264,254.4014853896104,178.3227245670996,114.06221590909092,89.404954004329,253.6272213203463,81.6
195.69573051948046,45.60981060606061,0.5348728354978355,113.0750487012987,254.3716747835498,195.69573051948046,113.07008116883115,98.28448322510822,253.59722673160167,81.6
200.68543893129768,52.69006202290076,0.6124141221374045,112.17120229007635,254.2867652671756,200.68543893129768,112.1496326335878,100.87805820610687,253.4516507633588,81.6
193.13368320610687,46.351731870228996,0.5982395038167939,112.89216125954201,254.27451335877862,193.13368320610687,112.87510019083969,97.02357347328243,253.3872423664122,81.6
164.33722943722944,31.810292207792212,0.4831412337662338,114.2906358225108,254.2317207792208,164.33722943722944,114.29126082251082,82.41004058441558,253.54942640692641,82.1
170.68481601731602,38.503419913419904,0.4859090909090909,113.33379599567101,254.30135551948047,170.68481601731602,113.3274972943723,85.58688852813853,253.56825487012986,82.1
172.2661307251909,40.88157919847328,0.5038454198473282,112.95468034351143,254.2981727099237,172.2661307251909,112.94986164122135,86.3857395038168,253.51820133587788,82.1
155.03433683206106,30.87976145038168,0.44899332061068703,114.13296278625955,254.2123998091603,155.03433683206106,114.12624045801529,77.74169847328244,253.5860925572519,82.1
154.28246482683986,29.06892316017316,0.4248755411255411,114.56531926406929,254.30070616883117,154.28246482683986,114.55834956709957,77.38143398268399,253.61696969696968,82.1
172.90749458874458,36.94135551948053,0.4911201298701299,113.6915854978355,254.32404491341995,172.90749458874458,113.6961904761905,86.70040854978356,253.55751352813846,82.1
178.4542461832061,41.44265744274809,0.5695706106870229,113.11828721374044,254.2756106870229,178.4542461832061,113.11479961832062,89.51621660305344,253.3636545801527,82.1
178.21252862595418,40.62566316793893,0.5784112595419847,113.25224713740458,254.25423664122138,178.21252862595418,113.24554866412214,89.39920801526718,253.33792938931305,82.1
135.5174404761905,23.94957521645021,0.43091450216450217,114.80888257575758,254.16616883116882,135.5174404761905,114.80515692640692,68.01392045454546,253.39605790043288,82.6
142.15425595238096,30.742383658008666,0.4376839826839827,113.6164853896104,254.17549512987011,142.15425595238096,113.6214502164502,71.29863365800865,253.45300324675324,82.6
141.38534351145037,31.91835877862595,0.4606488549618321,113.29351145038169,254.1277385496184,141.38534351145037,113.30668416030537,70.92429866412212,253.35566316793893,82.6
131.67451335877865,25.039957061068698,0.4146469465648855,114.4289503816794,254.18872614503812,131.67451335877865,114.42797709923664,66.12085877862596,253.4222805343512,82.6
125.24749188311688,19.232621753246754,0.3713284632034632,115.6653923160173,254.2438365800866,125.24749188311688,115.65745941558441,62.926599025974035,253.52096861471856,82.6
148.58462121212122,31.16341720779221,0.47,113.79780844155843,254.14621212121213,148.58462121212122,113.79600108225107,74.52630140692641,253.46482413419915,82.6
160.30894083969466,42.9579103053435,0.6159112595419848,112.04962309160305,253.95159351145043,160.30894083969466,112.03105438931296,80.46187977099237,253.1416841603053,82.6
154.11523377862596,37.28150763358778,0.5678912213740458,112.84144083969466,254.0003005725191,154.11523377862596,112.83308683206108,77.34187022900764,253.2316364503817,82.6
185.18066287878787,54.56475378787879,0.6206087662337663,111.24974025974026,254.22911255411256,185.18066287878787,111.24406114718614,92.94998647186148,253.27331168831168,83.2
181.49669913419913,47.86221590909091,0.5484523809523809,112.18989718614719,254.30526244588745,181.49669913419913,112.17761634199137,91.05037878787878,253.4429761904762,83.2
181.44440362595418,50.862743320610676,0.5671469465648855,111.70487595419847,254.26502862595416,181.44440362595418,111.69842080152672,91.05201335877862,253.3952146946565,83.2
191.6051574427481,60.152881679389324,0.5979007633587786,110.64751908396948,254.26972328244275,191.6051574427481,110.64585400763359,96.23953244274807,253.3686641221374,83.2
186.24653679653682,51.817884199134205,0.5497754329004328,111.75323863636363,254.32071158008657,186.24653679653682,111.74194534632036,93.4715909090909,253.46483495671,83.2
175.9984686147186,43.76887987012987,0.5464448051948052,112.67283549783552,254.2565097402597,175.9984686147186,112.66389339826841,88.28684253246753,253.42234577922082,83.2
176.7967175572519,49.3924856870229,0.6795849236641222,111.71814408396946,254.0951383587786,176.7967175572519,111.72037213740458,88.74670801526719,253.05147423664118,83.2
176.38819179389313,50.80818702290076,0.7148473282442748,111.4688215648855,254.0316173664122,176.38819179389313,111.472786259542,88.56159828244274,252.95127862595416,83.2
147.69305194805196,31.79766774891775,0.4784659090909091,113.61925054112557,254.12777056277056,147.69305194805196,113.62402056277055,74.08536796536795,253.4204734848485,83.7
151.1739880952381,37.944545454545455,0.4773376623376624,112.54029491341991,254.14624729437242,151.1739880952381,112.5473971861472,75.82601461038959,253.4655005411256,83.7
154.72523377862598,43.846827290076334,0.5260782442748092,111.57871660305344,254.0727385496183,154.72523377862598,111.57915076335878,77.62528148854962,253.36866889312978,83.7
146.00215648854964,35.0363358778626,0.4701765267175573,112.95085877862594,254.13555343511453,146.00215648854964,112.95399332061069,73.24709923664122,253.41914122137402,83.7
133.1903382034632,23.458425324675325,0.3984983766233766,114.98857142857143,254.2282196969697,133.1903382034632,114.97760281385281,66.88776515151515,253.52263798701298,83.7
154.90917478354982,34.960232683982674,0.4906628787878788,113.33289772727272,254.1374161255412,154.90917478354982,113.32628787878788,77.7002002164502,253.4758685064935,83.7
172.0779675572519,53.61412690839695,0.6731440839694657,110.72976622137405,254.0594799618321,172.0779675572519,110.74559637404579,86.3771898854962,253.02968988549614,83.7
169.48243320610686,51.44996183206107,0.6623950381679389,110.98293893129772,254.02632633587783,169.48243320610686,110.99245229007632,85.07429866412214,253.0472662213741,83.7
176.40296266233767,48.361655844155855,0.5672159090909091,111.87108766233769,254.245091991342,176.40296266233767,111.87187770562772,88.49215097402599,253.36224025974025,84.3
169.38803030303032,42.16011363636363,0.5034334415584416,112.6515422077922,254.2664096320346,169.38803030303032,112.65136363636364,84.94748376623377,253.51169101731602,84.3
177.58771946564892,52.64272900763359,0.5696421755725191,111.19047709923665,254.25295324427483,177.58771946564892,111.19489980916029,89.09102576335876,253.36215171755725,84.3
187.42866889312978,59.84367366412214,0.5951622137404581,110.50342557251908,254.26399809160304,187.42866889312978,110.50135496183206,94.09060591603054,253.35219465648854,84.3
187.8544724025974,54.486847943722935,0.5489231601731601,111.39052489177489,254.3236525974026,187.8544724025974,111.38528138528143,94.30094696969697,253.47765151515148,84.3
176.70320887445888,45.56561688311688,0.5574756493506493,112.40679653679649,254.2436255411256,176.70320887445888,112.39830086580086,88.64997564935068,253.3963446969697,84.3
176.2513788167939,49.111803435114496,0.6599522900763358,111.73157919847328,254.12165076335882,176.2513788167939,111.73639790076336,88.46057251908398,253.10153148854963,84.3
179.9007824427481,53.21888835877863,0.6840982824427481,111.21262404580152,254.12269083969463,179.9007824427481,111.21486164122138,90.30242843511448,253.05895038167938,84.3
146.28573593073594,31.507543290043287,0.4920589826839827,113.63849567099571,254.09810606060609,146.28573593073594,113.64336038961041,73.3900514069264,253.34681006493503,84.6
141.36305194805198,29.62617694805195,0.4405384199134199,113.82704816017315,254.1699107142857,141.36305194805198,113.82828733766232,70.92784361471861,253.44949134199126,84.6
158.41519561068702,40.03709923664122,0.5151049618320611,112.52901717557249,254.1442461832061,158.41519561068702,112.528463740458,79.46656011450379,253.39563454198472,84.6
169.90316793893132,45.98967080152672,0.5507967557251908,111.95447519083969,254.2027814885496,169.90316793893132,111.960625,85.22687977099237,253.3729055343512,84.6
165.13284361471858,39.52237554112554,0.4942532467532468,112.94745941558443,254.2418804112554,165.13284361471858,112.94167207792208,82.81501352813851,253.50440205627706,84.6
158.37151244588742,34.37914772727273,0.4986309523809524,113.6387445887446,254.1756141774892,158.37151244588742,113.63194805194807,79.43618777056277,253.443005952381,84.6
171.73844465648858,42.26033396946565,0.6287929389312977,112.7090076335878,254.1123807251909,171.73844465648858,112.7087595419847,86.18416030534351,253.15892175572517,84.6
169.70926526717557,44.51820133587785,0.6411498091603054,112.21569179389313,254.05875477099238,169.70926526717557,112.21375477099235,85.1739742366412,253.1103291984733,84.6
152.36436147186149,31.624710497835498,0.5173051948051948,113.918125,254.08475919913414,152.36436147186149,113.90999729437227,76.4420183982684,253.3488609307359,84.9
150.34179653679658,31.622031926406933,0.48129329004328997,113.88003517316015,254.13974837662337,150.34179653679658,113.86815476190478,75.42398538961041,253.42929924242424,84.9
166.01470419847328,46.561350190839704,0.566192748091603,111.71078721374045,254.1327099236641,166.01470419847328,111.71519083969466,83.28978530534351,253.311770038168,84.9
167.34486164122137,48.8657251908397,0.5866412213740458,111.34732824427479,254.11321564885498,167.34486164122137,111.34840171755724,83.96586832061068,253.2607204198473,84.9
156.9920779220779,36.111958874458864,0.5036174242424243,113.2634090909091,254.15624729437232,156.9920779220779,113.26119047619049,78.74782467532471,253.419375,84.9
140.65063311688309,25.07238906926407,0.4581520562770563,115.01751352813852,254.1533306277056,140.65063311688309,115.00647997835495,70.6202867965368,253.3925243506493,84.9
155.01114980916032,34.32207538167939,0.6258110687022901,113.55792938931296,253.94124045801533,155.01114980916032,113.55286736641222,77.82235209923664,253.02671278625957,84.9
164.4661402671756,41.211312022900756,0.6910114503816794,112.61912690839695,253.9169179389313,164.4661402671756,112.61823473282443,82.57761450381679,252.93409828244282,84.9
197.0990286796537,75.48061688311688,0.7370319264069264,108.57387716450216,254.1081818181818,197.0990286796537,108.58862554112557,99.12882575757575,253.088170995671,85.1
193.7826596320346,69.78275162337664,0.6253354978354978,109.31163690476193,254.24107413419915,193.7826596320346,109.32534632034631,97.38262175324677,253.3431953463204,85.1
190.78177958015263,73.71550095419849,0.6953387404580152,108.48905057251908,254.1414933206107,190.78177958015263,108.49670801526716,95.86180343511452,253.11689885496185,85.1
195.66877385496184,79.87465171755727,0.8088645038167939,107.8228673664122,254.0063979007633,195.66877385496184,107.83782442748092,98.43928912213741,252.87324904580154,85.1
196.54585227272727,69.70564935064935,0.6269399350649351,109.46896915584415,254.2608279220779,196.54585227272727,109.4801461038961,98.76736201298701,253.40044642857143,85.1
196.95742965367958,65.59160443722944,0.6464123376623376,110.09999188311687,254.23305735930737,196.95742965367958,110.10808441558441,98.99305465367964,253.33521915584416,85.1
198.46246183206108,72.74569179389313,0.8473282442748091,109.08243797709923,253.9772614503817,198.46246183206108,109.09486641221376,99.86828721374044,252.8481202290076,85.1
198.43363072519085,77.7424141221374,0.9199904580152672,108.31849713740458,253.88110687022905,198.43363072519085,108.33416507633586,99.88715171755724,252.66734732824426,85.1
188.67455627705627,65.7011553030303,0.6492559523809524,109.6310579004329,254.1970238095238,188.67455627705627,109.63645562770563,94.75475649350649,253.22221861471863,87.4
185.77040313852814,65.97985930735929,0.5939339826839827,109.41762175324676,254.2664880952381,185.77040313852814,109.42694805194805,93.24133928571429,253.35070616883118,87.4
186.7682156488549,71.21823473282444,0.6422423664122138,108.61524809160305,254.1995515267176,186.7682156488549,108.62493320610687,93.76995229007632,253.22349236641224,87.4
185.4906393129771,67.08888835877863,0.6096040076335878,109.22210877862595,254.23938454198472,185.4906393129771,109.23324904580153,93.11544370229008,253.30291984732827,87.4
188.0528896103896,65.25390692640693,0.5900514069264069,109.70683170995672,254.26308982683983,188.0528896103896,109.71709145021644,94.44144209956707,253.38832792207802,87.4
197.61373647186147,75.30050054112554,0.6814853896103896,108.63103896103895,254.18215909090907,197.61373647186147,108.64684253246752,99.365762987013,253.2295156926407,87.4
198.83564408396947,80.2382395038168,0.9629580152671756,107.95843034351142,253.8002719465649,198.83564408396947,107.9793177480916,100.12800572519085,252.52180820610687,87.4
197.0131583969465,74.2391889312977,0.8185019083969466,108.76800095419847,254.00278148854957,197.0131583969465,108.78158396946564,99.12352099236641,252.88347805343508,87.4
112.27891233766232,40.29989448051949,1.288111471861472,109.45195075757576,252.26253787878787,112.27891233766232,109.44841179653679,56.99955898268399,249.6419805194805,87.5
108.60965638528135,39.097362012987006,0.973641774891775,109.4613961038961,252.8617640692641,108.60965638528135,109.45669642857143,54.99978625541127,250.78731601731602,87.5
118.33541030534352,50.199570610687026,1.4339026717557253,107.51868320610687,252.0546135496183,118.33541030534352,107.520768129771,60.069375,249.2727767175573,87.5
129.69071564885496,53.7137356870229,1.2575667938931299,107.78301526717556,252.60983778625956,129.69071564885496,107.78182251908396,65.57164599236641,250.3855104961832,87.5
136.54920454545456,47.66536796536796,0.8920102813852814,109.7845643939394,253.38794642857144,136.54920454545456,109.77908279220779,68.78359848484848,251.8922646103896,87.5
129.83837932900434,39.192621753246755,1.0027380952380949,111.33922619047621,253.1020319264069,129.83837932900434,111.33171266233768,65.51941558441558,251.31658279220773,87.5
132.9252719465649,44.773268129771004,1.655267175572519,110.19189408396947,251.94112595419847,132.9252719465649,110.18625,67.36542461832062,249.14132633587784,87.5
125.32529103053434,47.37975190839695,1.9332633587786257,108.92662690839693,251.20372614503816,125.32529103053434,108.92446564885496,63.75888358778626,247.7382204198473,87.5
187.76438582251083,62.465630411255404,0.6215854978354979,110.14277326839829,254.22467803030304,187.76438582251083,110.14577922077923,94.29703733766232,253.2909036796537,89.2
182.72588744588745,58.547719155844156,0.552775974025974,110.59953733766234,254.27811688311687,182.72588744588745,110.60286796536795,91.73267586580087,253.44830898268398,89.2
189.05321564885497,73.11554866412214,0.7003864503816793,108.52061545801529,254.13491889312976,189.05321564885497,108.53084446564884,94.98068702290077,253.10577767175567,89.2
197.5542080152672,83.62649809160305,0.7718129770992367,107.36869751908395,254.06605438931297,197.5542080152672,107.38792938931296,99.37774332061069,253.00847805343508,89.2
190.42765963203462,65.586875,0.5770914502164503,109.80716179653679,254.2972348484849,190.42765963203462,109.81606872294373,95.63670725108229,253.44377705627704,89.2
175.03604978354977,51.36992153679654,0.5470995670995671,111.51820887445886,254.23602002164506,175.03604978354977,111.51923971861471,87.85454004329004,253.40997023809524,89.2
190.3980677480916,67.3806822519084,0.703831106870229,109.53275286259544,254.12365935114502,190.3980677480916,109.54028148854964,95.69053435114503,253.11035305343518,89.2
194.31840648854958,73.65989503816796,0.7889217557251909,108.72684160305343,254.03315362595416,194.31840648854958,108.73866889312977,97.72215648854963,252.9319465648855,89.2
166.9350811688312,55.3143722943723,0.5833874458874458,110.13986201298701,254.10795995671,166.9350811688312,110.14481601731602,83.75917207792206,253.2666396103896,89.2
170.73803300865802,63.08903409090909,0.5786931818181819,109.00349837662338,254.1757251082251,170.73803300865802,109.0179274891775,85.65819805194805,253.2942667748917,89.2
171.84156488549618,67.73851145038168,0.6248664122137405,108.25363072519085,254.12407442748088,171.84156488549618,108.26789122137406,86.23439408396946,253.16656488549614,89.2
165.23757156488546,56.21657442748091,0.5707442748091603,109.92239026717556,254.12175572519084,165.23757156488546,109.93199904580152,82.90450381679389,253.28309160305344,89.2
159.07684523809525,46.45931547619048,0.5116747835497836,111.47631493506492,254.18812770562766,159.07684523809525,111.48449945887444,79.80900432900431,253.3855817099567,89.2
175.83707251082248,57.29171266233766,0.5715124458874459,110.30552489177492,254.24682359307357,175.83707251082248,110.32183170995673,88.20623917748918,253.3415909090909,89.2
179.56456583969467,67.29409828244275,0.7036259541984733,108.81384541984731,254.1016316793893,179.56456583969467,108.83486641221373,90.13728530534351,252.99795324427484,89.2
177.89974713740455,68.7105963740458,0.74231393129771,108.47270992366413,254.03705152671762,177.89974713740455,108.49538645038167,89.3232395038168,252.87567748091598,89.2
202.16612824675326,90.23810335497835,0.8440719696969697,106.65786255411257,254.0096699134199,202.16612824675326,106.67474025974026,101.734375,252.93454545454543,90.1
203.08345779220767,96.16395562770563,0.8823944805194806,105.86212932900429,253.97045995671002,203.08345779220767,105.86560606060604,102.20281114718617,252.8588636363636,90.1
200.40733301526717,102.09837309160305,2.3608587786259543,104.8857824427481,252.0835925572519,200.40733301526717,104.89381679389312,101.60416984732824,249.2315076335878,90.1
205.95276240458008,105.4135066793893,2.8430486641221373,104.83177958015268,251.542108778626,205.95276240458008,104.83775286259542,104.64615458015268,248.22681297709926,90.1
215.56986201298702,100.82663690476193,1.4904870129870131,106.11766504329005,253.31883658008653,215.56986201298702,106.10723755411257,108.77955898268398,251.63372294372292,90.1
217.6286607142857,105.59872564935064,2.1630925324675325,105.598933982684,252.5091801948052,217.6286607142857,105.58368506493507,110.14619859307359,250.0858306277056,90.1
208.37497614503812,107.71959923664122,3.610553435114504,104.71938931297709,250.62218988549614,208.37497614503812,104.72017175572522,106.24149809160305,246.49674141221368,90.1
200.99262404580153,93.15479484732825,1.6883826335877865,106.24076335877862,252.95164599236642,200.99262404580153,106.25166030534348,101.55159828244275,250.89843988549615,90.1
116.63583062770563,42.3675487012987,1.5168262987012986,109.39345508658009,251.89811958874455,116.63583062770563,109.3915827922078,59.2608170995671,248.99516233766238,90.2
112.39404220779221,41.550137987013,1.023452380952381,109.19620400432899,252.8362229437229,112.39404220779221,109.19186417748918,56.90391504329004,250.7510957792208,90.2
120.75414599236643,52.76832061068703,1.5160257633587786,107.14377862595421,251.95828721374042,120.75414599236643,107.14673187022899,61.3038215648855,249.09857824427482,90.2
132.01508110687024,57.100186068702286,1.4344036259541986,107.24046755725193,252.31247137404583,132.01508110687024,107.24131202290077,66.80468511450381,249.8268606870229,90.2
139.7046645021645,51.182245670995684,0.90691829004329,109.2628869047619,253.3857575757576,139.7046645021645,109.25899621212122,70.35403138528139,251.90262445887447,90.2
133.98276244588746,42.641734307359314,1.0379301948051949,110.83175865800864,253.0884902597403,133.98276244588746,110.82443722943722,67.58789231601732,251.3083414502165,90.2
139.66411259541985,49.24129770992366,1.7798902671755723,109.72702767175572,251.84338740458008,139.66411259541985,109.72385496183206,70.76358778625955,248.98315362595417,90.2
136.01602576335878,53.62107347328244,2.238773854961832,108.45454675572522,250.89842080152675,136.01602576335878,108.45482347328243,69.18708015267175,247.2294895038168,90.2
203.51234036796538,83.20003787878787,1.0502813852813853,107.7978923160173,253.75349025974026,203.51234036796538,107.81829004329005,102.52668831168829,252.44238365800862,90.4
198.59570346320342,85.51273538961037,1.4236066017316018,107.19873376623377,253.24025974025972,198.59570346320342,107.21853354978356,100.22317099567101,251.42489989177486,90.4
190.9663072519084,89.45309160305344,5.2686736641221374,106.3987929389313,248.124947519084,190.9663072519084,106.40078721374044,98.24829198473284,241.8792127862596,90.4
197.31377385496185,97.79935591603054,8.233096374045802,105.78210877862594,244.56148854961842,197.31377385496185,105.78462309160305,102.96921278625956,235.3720276717557,90.4
220.64436688311687,110.7840367965368,9.544851190476187,105.6080275974026,244.09311958874454,220.64436688311687,105.60607142857144,115.34426406926407,234.68561958874454,90.4
226.24946428571425,104.7846645021645,5.529431818181819,106.50361201298702,248.8200514069264,226.24946428571425,106.48887716450216,116.13946158008658,243.2644182900433,90.4
217.12725667938926,96.05076335877862,3.4277003816793887,107.01330629770992,251.06111641221366,217.12725667938926,106.9962070610687,110.5264360687023,247.34507156488547,90.4
207.54958015267175,89.07160782442747,2.7983826335877864,107.35326812977101,251.66417938931298,207.54958015267175,107.36580629770992,105.42075858778624,248.47692748091603,90.4
180.9982305194805,63.59991612554114,0.8115692640692641,109.77645292207792,253.93761363636364,180.9982305194805,109.78585227272728,91.02122835497835,252.8263825757576,91.1
177.3509145021645,58.811525974025976,0.62254329004329,110.49695346320348,254.1594724025974,177.3509145021645,110.50166125541125,89.11820346320343,253.26794913419914,91.1
217.3132204198473,98.65879770992365,5.935729961832062,106.88517652671757,248.26619274809158,217.3132204198473,106.87133587786259,111.86374522900765,242.35072519083968,91.1
230.83562022900762,116.57359255725193,10.813125,105.56503339694656,243.1284494274809,230.83562022900762,105.55337786259544,121.07432729007635,234.24956106870232,91.1
238.8108603896104,110.13470508658008,3.80198051948052,106.42155303030304,251.00112283549785,238.8108603896104,106.40998647186147,121.55577651515152,248.013125,91.1
211.99512445887447,79.27525703463203,0.9825189393939394,108.95205898268398,253.91792478354978,211.99512445887447,108.9440313852814,106.73393668831169,252.7745427489177,91.1
214.13581583969463,87.89328721374045,1.3511164122137405,107.83211832061069,253.4815744274809,214.13581583969463,107.82062977099235,107.99195133587786,251.938463740458,91.1
205.96094465648846,86.36399809160305,2.0323330152671755,107.62282442748092,252.60726145038169,205.96094465648846,107.63163645038168,104.22851145038167,250.25095896946564,91.1
158.6326893939394,77.90271103896104,1.2884145021645022,105.38677759740256,252.86228354978354,158.6326893939394,105.36890963203464,79.96038149350649,251.0164231601732,91.4
157.02862554112554,84.04217261904762,2.2414583333333336,104.14561688311687,251.33429383116882,157.02862554112554,104.12931547619048,79.6349972943723,248.0171239177489,91.4
147.6846755725191,85.96651240458016,6.506106870229008,103.09459446564884,243.8369370229008,147.6846755725191,103.09283874045799,77.09552958015267,234.0818320610687,91.4
153.50366412213742,84.59641221374045,4.412108778625955,103.83701335877865,247.56909828244275,153.50366412213742,103.82651717557249,78.95702767175571,240.9691555343512,91.4
157.80394209956708,80.85814664502166,2.6907251082251076,104.86653409090908,250.57938582251083,157.80394209956708,104.84741883116884,80.24689123376623,246.68257846320347,91.4
160.22001623376624,84.65039231601732,3.7322077922077916,104.43956709956707,248.95201569264069,160.22001623376624,104.42847402597404,81.97675054112554,243.5557711038961,91.4
157.9260925572519,85.18972805343513,4.108735687022901,104.17554866412212,248.32627385496184,157.9260925572519,104.16087309160305,81.0172709923664,242.33127862595418,91.4
153.36999522900763,75.16022423664124,1.7257442748091605,105.48001908396948,252.1191507633588,153.36999522900763,105.46543416030536,77.54800572519083,249.5719322519084,91.4
192.75998917748922,85.53619588744588,0.7599485930735931,106.75302489177488,254.05879870129868,192.75998917748922,106.76088474025974,96.91762175324676,252.9676866883117,92.4
192.59261634199126,94.7926948051948,1.2889339826839827,105.33114177489178,253.3491883116883,192.59261634199126,105.33610119047621,97.09613365800864,251.60807088744588,92.4
188.28169370229008,101.59239980916031,4.208034351145038,104.11496660305343,249.35606393129768,188.28169370229008,104.1228673664122,96.31549141221376,244.0664265267176,92.4
188.88704198473286,97.55321087786258,3.0898950381679398,104.74228053435114,250.9019799618321,188.88704198473286,104.74677958015268,96.07731393129772,246.98565362595417,92.4
196.42522727272728,93.21433982683985,1.5267343073593074,105.91757846320348,253.1030113636364,196.42522727272728,105.927637987013,99.15871482683984,251.16837932900432,92.4
202.3512554112554,98.8527380952381,2.1233739177489177,105.48181818181818,252.37003246753247,202.3512554112554,105.49661525974024,102.48071699134199,249.80607142857144,92.4
197.54181774809157,100.59115935114504,2.8446087786259544,104.91062022900765,251.3544083969465,197.54181774809157,104.92153148854963,100.40870229007628,247.85579198473286,92.4
195.45578721374042,93.79826335877866,1.4194656488549615,105.70287213740455,253.19750954198474,195.45578721374042,105.70940362595421,98.63398377862595,251.33446564885497,92.4
195.64562770562767,84.78779220779221,0.7354031385281385,107.04491612554114,254.11340909090907,195.64562770562767,107.06590909090907,98.37113906926407,253.09116612554112,93.2
191.0582467532468,90.5237391774892,1.101390692640693,105.88319264069264,253.60118235930736,191.0582467532468,105.89350649350651,96.20781385281386,252.0829951298701,93.2
190.01643606870232,102.63456583969466,4.03525286259542,104.0863072519084,249.6494227099237,190.01643606870232,104.09182729007635,97.12466603053436,244.61334446564885,93.2
192.8275381679389,99.78183683206107,2.6795658396946567,104.6775095419847,251.5179055343512,192.8275381679389,104.68055820610687,97.90633110687023,248.13934637404583,93.2
202.06290854978354,96.61834415584416,1.4692775974025971,105.80966179653679,253.2432575757576,202.06290854978354,105.81484577922078,101.97892857142857,251.449816017316,93.2
210.68245129870132,102.52995941558441,2.0092424242424243,105.5413095238095,252.62874188311687,210.68245129870132,105.53310876623377,106.59546266233768,250.31723214285716,93.2
207.33145038167942,105.7259923664122,2.83599713740458,104.87921278625956,251.5598998091603,207.33145038167942,104.8811354961832,105.33286736641222,248.2665410305344,93.2
204.1553864503817,99.75494751908396,1.6592223282442748,105.4406679389313,252.99399332061068,204.1553864503817,105.45364026717556,103.15491412213741,250.99144083969463,93.2
177.40251893939393,58.896298701298704,0.7057602813852814,110.12847402597404,254.07,177.40251893939393,110.14188582251086,89.05958874458875,252.98684794372286,93.8
178.6972564935065,67.37862012987013,0.7158522727272727,108.76349296536794,254.06670995671,178.6972564935065,108.78221320346321,89.71634199134199,252.96895021645022,93.8
180.7016364503817,77.53013358778624,2.290672709923664,107.32926526717556,251.88200381679385,180.7016364503817,107.3502814885496,91.51120229007635,248.82822996183205,93.8
185.2833015267176,73.42128339694656,1.3951335877862596,108.28324427480915,253.17082061068703,185.2833015267176,108.29339694656488,93.40602099236641,251.28720896946564,93.8
186.0215151515152,63.261333874458884,0.6783252164502165,110.00161796536794,254.1254816017316,186.0215151515152,110.00777597402599,93.46801136363636,253.15820616883119,93.8
191.55872564935063,65.43705086580087,0.7697781385281385,109.89932900432899,254.0445292207792,191.55872564935063,109.9049945887446,96.31399080086581,252.95462932900432,93.8
194.09767175572517,72.81745706106871,1.2410782442748092,108.86330629770993,253.43066793893126,194.09767175572517,108.8703673664122,97.83730916030537,251.78352099236642,93.8
186.57268606870232,68.35908874045802,1.2950429389312976,109.15953244274807,253.31986641221366,186.57268606870232,109.16771946564886,94.01233301526716,251.5471183206107,93.8
186.56762445887446,66.42579274891774,0.7118100649350649,109.42206709956707,254.10603625541125,186.56762445887446,109.4302380952381,93.7165854978355,253.04535173160173,94.2
182.6504274891775,60.13381222943722,0.6220995670995672,110.32535714285713,254.18744588744588,182.6504274891775,110.33084956709958,91.71703192640692,253.27248376623376,94.2
193.06998091603054,76.34050572519084,0.8080582061068702,108.25166984732824,254.00110209923665,193.06998091603054,108.26248091603054,97.10230916030537,252.86343988549615,94.2
194.25755725190842,76.01838740458015,0.8022280534351145,108.36514790076336,254.01626908396943,194.25755725190842,108.37529580152672,97.70012881679388,252.89835877862598,94.2
190.88383658008647,64.09441287878788,0.6252002164502164,110.11162608225108,254.23061147186147,190.88383658008647,110.11892586580086,95.89753517316021,253.34224567099568,94.2
182.968704004329,58.36276244588745,0.6232819264069264,110.69401515151516,254.18253517316018,182.968704004329,110.69656385281384,91.89530032467532,253.2671563852814,94.2
189.988463740458,71.30485209923664,0.832280534351145,108.86743320610687,253.95324904580158,189.988463740458,108.87232347328244,95.5333492366412,252.7647709923664,94.2
194.4506106870229,80.53092080152672,0.9657967557251907,107.65400286259542,253.79303435114502,194.4506106870229,107.66265267175571,97.88597328244276,252.47279103053435,94.2
207.47494859307358,93.34816287878787,2.2694751082251083,106.60015422077923,252.1783143939394,207.47494859307358,106.59910714285714,105.1066856060606,249.5056655844156,95.6
207.89233225108228,103.6333576839827,3.3051866883116885,105.2204301948052,250.882408008658,207.89233225108228,105.21441287878788,105.83316287878787,247.08385551948047,95.6
202.2420849236641,112.65966603053437,10.472533396946565,103.89453721374045,241.446875,202.2420849236641,103.89666030534352,106.57373568702292,230.17255248091598,95.6
199.3004675572519,101.40104007633587,5.9420562977099225,105.0975095419847,247.2845562977099,199.3004675572519,105.11214694656488,102.8383110687023,240.57696087786255,95.6
210.44760822510816,93.09211850649349,2.910024350649351,106.99073593073594,251.5161174242424,210.44760822510816,106.98647186147188,106.91447781385281,248.300119047619,95.6
214.83460497835486,97.21781385281383,4.051858766233766,106.68174512987012,250.0939583333333,214.83460497835486,106.67015692640692,109.6918262987013,245.70529761904763,95.6
204.1337070610687,104.28960400763359,7.714379770992366,105.11006202290078,245.04957538167938,204.1337070610687,105.11306297709923,106.142929389313,236.65983301526717,95.6
206.69216125954202,105.5740648854962,7.1964742366412215,105.06748568702291,245.79818225190846,206.69216125954202,105.06479484732824,107.17291030534348,237.98358778625956,95.6
193.8902353896104,73.52070887445888,2.1670535714285712,108.79571699134199,252.12930735930732,193.8902353896104,108.80474837662338,98.19804924242425,249.34389069264068,96.8
192.87572781385282,82.32823593073594,4.184020562770563,107.50682900432899,249.36611471861468,192.87572781385282,107.52100108225108,98.68671536796535,244.27952110389612,96.8
189.09672709923663,91.8487929389313,11.218664122137403,106.31646946564884,239.63422232824428,189.09672709923663,106.32684160305344,100.25461354961833,226.99807251908402,96.8
189.2249856870229,79.28966125954199,4.5587452290076325,107.81677480916031,248.84900286259546,189.2249856870229,107.82661259541985,96.99051526717555,243.395233778626,96.8
195.90522997835487,70.6749972943723,1.8537527056277057,109.45520292207792,252.67730519480517,195.90522997835487,109.4596103896104,99.0522673160173,250.44239448051948,96.8
198.8621103896104,73.67859036796537,2.4046996753246748,109.14284361471859,251.96517586580086,198.8621103896104,109.14908008658008,100.83050595238096,249.10970238095246,96.8
194.6779675572519,79.64145038167939,4.152433206106871,108.04939885496185,249.49848759541985,194.6779675572519,108.06393606870228,99.59040553435116,244.59907919847328,96.8
192.67965648854963,81.69799141221374,5.048062977099238,107.66339694656489,248.19697996183208,192.67965648854963,107.67557251908396,99.01164122137405,242.22730438931305,96.8
190.5563365800866,86.05867965367966,3.2708982683982684,106.70111471861472,250.66508116883116,190.5563365800866,106.70872294372295,97.02471590909092,246.59427759740262,97.2
189.62816017316018,80.61540313852814,1.0160957792207792,107.32065476190478,253.6980600649351,189.62816017316018,107.33275703463205,95.42260822510822,252.26111201298698,97.2
182.05681297709927,91.74964694656488,6.898196564885496,105.43020515267176,245.36367366412213,182.05681297709927,105.45143129770992,94.48800095419847,236.69791030534356,97.2
182.6614265267176,95.54517652671757,8.680920801526717,104.99331583969466,242.89167461832062,182.6614265267176,105.00697041984732,95.68543893129772,232.17883587786255,97.2
181.37194534632042,87.20609307359307,2.8598593073593075,105.79485119047621,251.0630357142857,181.37194534632042,105.8165854978355,92.12459145021644,247.23031926406932,97.2
182.0247727272728,77.57485119047621,1.5149350649350648,107.3337527056277,252.96847943722943,182.0247727272728,107.35231872294372,91.78455357142856,250.84724567099568,97.2
187.11968511450385,83.23539122137404,2.258439885496183,106.83131679389312,251.9863501908397,187.11968511450385,106.84194656488549,94.752018129771,249.01922709923664,97.2
184.44833015267173,87.51601622137406,4.322256679389313,106.10635973282444,249.06662213740452,184.44833015267173,106.12640267175571,94.41883587786259,243.5356202290076,97.2
186.00868235930736,94.03732683982685,8.299209956709957,105.46275432900431,243.53492153679653,186.00868235930736,105.4693235930736,97.20698322510825,233.6563474025974,99.5
184.44703733766238,86.23958603896105,2.770473484848485,106.18877705627706,251.21619047619046,184.44703733766238,106.20342803030304,93.64231601731602,247.5550432900433,99.5
177.89958492366412,101.27758110687023,16.22084923664122,104.2028673664122,231.76223282442746,177.89958492366412,104.19502385496185,97.06151240458016,212.9216364503817,99.5
181.79289599236645,107.50478053435114,19.186765267175574,103.69166030534352,228.01201812977098,181.79289599236645,103.67946087786258,100.50461832061069,206.6322614503817,99.5
191.66223484848484,103.58356601731602,9.683327922077922,104.4823051948052,242.06120941558441,191.66223484848484,104.48404491341991,100.80431818181818,230.89872835497837,99.5
193.98991341991345,94.14121753246755,5.0995238095238085,105.79377705627705,248.2380844155844,193.98991341991345,105.79850108225108,99.71290043290043,242.16623917748922,99.5
191.2390076335878,96.67079198473284,7.691025763358778,105.40329198473282,244.66866412213741,191.2390076335878,105.4046421755725,99.59137404580153,235.65082061068702,99.5
184.16048664122138,99.0126860687023,12.760353053435116,104.8575286259542,237.23030534351142,184.16048664122138,104.85934160305344,98.49744751908396,222.38311545801525,99.5
189.33208333333334,97.00616071428571,9.498636363636363,105.30897186147186,241.98957792207793,189.33208333333334,105.3111525974026,99.51604437229437,231.06099296536797,99.8
190.02510822510823,94.1892803030303,5.393257575757576,105.53396645021645,247.69227543290043,190.02510822510823,105.53324675324676,97.81300054112555,241.06554653679655,99.8
175.44100190839694,104.05580629770992,19.884098282442746,103.71676049618321,225.91443702290076,175.44100190839694,103.70973282442748,97.66241889312977,203.5014074427481,99.8
174.67218988549618,108.4486784351145,23.381579198473283,103.08228053435114,220.67218988549618,174.67218988549618,103.07241889312976,99.02857824427481,195.11636927480916,99.8
178.6351461038961,102.61457792207793,14.43180735930736,103.81335768398269,234.164283008658,178.6351461038961,103.80527597402597,96.54057088744588,217.39431547619049,99.8
181.9090395021645,94.36850108225109,8.601112012987013,105.03763528138528,242.66954816017315,181.9090395021645,105.03549783549784,95.28498376623376,232.27547077922077,99.8
182.53511927480915,97.51144083969466,11.099666030534351,104.81035305343511,239.30768129770993,182.53511927480915,104.8093177480916,96.84346851145038,226.2138358778626,99.8
179.54959446564885,99.00042938931298,14.521025763358779,104.57515267175573,234.15364503816795,179.54959446564885,104.57407442748092,97.04932251908397,217.29954198473283,99.8
